<?xml version='1.0'?>
<launch>
    <arg name="veh"/>
    <arg name="ood_model_name" default="vae_n3_raw_squeeze_16x16_t2_segments"/>
    <arg name="ood_threshold" default="0.022"/>
    <arg name="alert_threshold" default="0.5"/>
    <arg name="crop_type" default="bin"
        description="Defines how to extract each crop to create the dataset (e.g. 'bin', 'trim')"/>
    <arg name="crop_thickness" default="2"
        description="Thickness of the cropped segments"/>
    <arg name="dimensions" default="[16]"/>

    <node pkg="ood_detector" exec="ood_detector_node" name="ood_detector_node" 
        namespace="$(var veh)">
        <param name="ood_model_name" value="$(var ood_model_name)"/>
        <param name="ood_threshold" value="$(var ood_threshold)"/>
        <param name="alert_threshold" value="$(var alert_threshold)"/>
        <param name="crop_type" value="$(var crop_type)"/>
        <param name="crop_thickness" value="$(var crop_thickness)"/>
        <param name="dimensions" value="$(var dimensions)"/>
    </node>
</launch>
