<?xml version='1.0'?>
<launch>
    <arg name="veh"/>
    <arg name="config_file_name" default="default"/>

    <node pkg="stop_line_filter" exec="stop_line_filter_tester_node" 
        name="stop_line_filter_tester_node" namespace="$(var veh)">
        <remap from="~/segment_list" to="stop_line_filter_node/segment_list"/>
        <param name="x1" value="0.0"/>
        <param name="y1" value="-0.1"/>
        <param name="x2" value="0.2"/>
        <param name="y2" value="0.0"/>
        <param name="color" value="white"/>
    </node>
</launch>
